fit,alpha_infinity,alpha_infinity_err,slope,slope_err,R2,n_points
alpha_min_vs_inverse_N_linear,1.7568844543090993,0.004264812453619699,-3.281819073747493,0.08954150756952245,0.9992143558554972,3
